parent_node,username,connection_type
feistyfrank,feistyfrank,ROOT
rhymeswithbeg,rhymeswithbeg,ROOT
livskarma,livskarma,ROOT
denalisbanksv,denalisbanksv,ROOT
misschloeyork,misschloeyork,ROOT
taycesmalls,taycesmalls,ROOT
jenn_pooches,jenn_pooches,ROOT
denalisbanksv,denalisbanksv,ROOT
inlovelemon,inlovelemon,ROOT
joeynolfi,joeynolfi,ROOT
SouthernHomo,SouthernHomo,ROOT
moodynali,moodynali,ROOT
taycesmalls,taycesmalls,ROOT
jenn_pooches,jenn_pooches,ROOT
denalisbanksv,denalisbanksv,ROOT
inlovelemon,inlovelemon,ROOT
joeynolfi,joeynolfi,ROOT
SouthernHomo,SouthernHomo,ROOT
moodynali,moodynali,ROOT
jenn_pooches,jenn_pooches,ROOT
WorldOfWonder,WorldOfWonder,ROOT
JackieCoxNYC,JackieCoxNYC,ROOT
jaidasbae,jaidasbae,ROOT
WorldOfWonder,WorldOfWonder,ROOT
RuPaulsDragRace,RuPaulsDragRace,ROOT
jaidaehall,jaidaehall,ROOT
misschloeyork,misschloeyork,ROOT
jaidaehall,jaidaehall,ROOT
RuPaulsDragRace,RuPaulsDragRace,ROOT
Freduccini,Freduccini,ROOT
Iindaquaria,Iindaquaria,ROOT
Fiddies2,Fiddies2,ROOT
markanthony913,markanthony913,ROOT
__ronielle,__ronielle,ROOT
ohmygottaste,ohmygottaste,ROOT
omgheylily,omgheylily,ROOT
wiz_thcreator,wiz_thcreator,ROOT
PopCrave,PopCrave,ROOT
ChangoATX,ChangoATX,ROOT
WorldOfWonder,WorldOfWonder,ROOT
RuPaulsDragRace,RuPaulsDragRace,ROOT
RuPaulsDragRace,RuPaulsDragRace,ROOT
inlovelemon,inlovelemon,ROOT
getjazted,getjazted,ROOT
livskarma,livskarma,ROOT
RuPaulsDragRace,RuPaulsDragRace,ROOT
sethspov,sethspov,ROOT
MissLaLaRi,MissLaLaRi,ROOT
evanicci_,evanicci_,ROOT
omgheylily,omgheylily,ROOT
Sequins4Thought,Sequins4Thought,ROOT
inlovelemon,inlovelemon,ROOT
jaidaehall,jaidaehall,ROOT
denalisbanksv,denalisbanksv,ROOT
inlovelemon,inlovelemon,ROOT
denalisbanksv,denalisbanksv,ROOT
mashyixing,mashyixing,ROOT
taycesmalls,taycesmalls,ROOT
JoshMcVa,JoshMcVa,ROOT
dojafenty,dojafenty,ROOT
tribranchvo,tribranchvo,ROOT
inlovelemon,inlovelemon,ROOT
RuPaulsDragRace,RuPaulsDragRace,ROOT
cowboylikenenad,cowboylikenenad,ROOT
cxrodge3,cxrodge3,ROOT
wortbehaviorr,wortbehaviorr,ROOT
RuPaulsDragRace,RuPaulsDragRace,ROOT
redscaremattel,redscaremattel,ROOT
eupdnobre,eupdnobre,ROOT
mashyixing,mashyixing,ROOT
MizterCanela,MizterCanela,ROOT
Sequins4Thought,Sequins4Thought,ROOT
WSpark98NZ2,WSpark98NZ2,ROOT
shadywallflowe1,shadywallflowe1,ROOT
werkdivakatye,werkdivakatye,ROOT
shutuphele,shutuphele,ROOT
tahliasdragrace,tahliasdragrace,ROOT
RuPaulsDragRace,RuPaulsDragRace,ROOT
MCWoodsOfficial,MCWoodsOfficial,ROOT
lindleyIover,lindleyIover,ROOT
emotwink666,emotwink666,ROOT
YourboyDonell,YourboyDonell,ROOT
KahmoraHall,KahmoraHall,ROOT
moodynali,moodynali,ROOT
shescouleesbot1,shescouleesbot1,ROOT
morningmoon430,morningmoon430,ROOT
DanDanoDeege,DanDanoDeege,ROOT
RuPaulsDragRace,RuPaulsDragRace,ROOT
gottsmalls,gottsmalls,ROOT
RuPaulsDragRace,RuPaulsDragRace,ROOT
AntonioSernaJr1,AntonioSernaJr1,ROOT
goldenkelsee,goldenkelsee,ROOT
Rickwest_,Rickwest_,ROOT
DwayneJay,DwayneJay,ROOT
ChristianVitek,ChristianVitek,ROOT
nickelz315,nickelz315,ROOT
etnow,etnow,ROOT
RuPaulsDragRace,RuPaulsDragRace,ROOT
WorldOfWonder,WorldOfWonder,ROOT
ChangoATX,ChangoATX,ROOT
omgheygorge,omgheygorge,ROOT
gaytimes,gaytimes,ROOT
jaimeedianna,jaimeedianna,ROOT
clawzzz,clawzzz,ROOT
_idk3ither_,_idk3ither_,ROOT
kartoonizt,kartoonizt,ROOT
taycesmalls,taycesmalls,ROOT
pixelshoshi,pixelshoshi,ROOT
vinylperries,vinylperries,ROOT
RuPaulsDragRace,RuPaulsDragRace,ROOT
ghost_realtor,ghost_realtor,ROOT
IraSnave,IraSnave,ROOT
tinydavyq,tinydavyq,ROOT
neramattel,neramattel,ROOT
xx_jessimae,xx_jessimae,ROOT
thejunlyyap,thejunlyyap,ROOT
etnow,etnow,ROOT
onlyedgarxo,onlyedgarxo,ROOT
joednl,joednl,ROOT
ArieSoSpoiled,ArieSoSpoiled,ROOT
hayliios,hayliios,ROOT
belowthejuniper,belowthejuniper,ROOT
lukesyouniverse,lukesyouniverse,ROOT
amediumplace,amediumplace,ROOT
mistahhdj,mistahhdj,ROOT
boyisamonstera,boyisamonstera,ROOT
mekenzie413,mekenzie413,ROOT
SpongyMica,SpongyMica,ROOT
MehiganSimon,MehiganSimon,ROOT
will_isnt_funny,will_isnt_funny,ROOT
Sterling_Drag,Sterling_Drag,ROOT
ElFerbhomo,ElFerbhomo,ROOT
666Seannn,666Seannn,ROOT
electrichachki,electrichachki,ROOT
Jane_Blatz,Jane_Blatz,ROOT
Tommy_Byrn,Tommy_Byrn,ROOT
_raSHADE_,_raSHADE_,ROOT
basicdragracef1,basicdragracef1,ROOT
mikmeth,mikmeth,ROOT
Lexie35907326,Lexie35907326,ROOT
KrisHuston77,KrisHuston77,ROOT
gtheodoro,gtheodoro,ROOT
JackButGayTho,JackButGayTho,ROOT
DragRace_Au,DragRace_Au,ROOT
exitmaria_,exitmaria_,ROOT
Fiddies2,Fiddies2,ROOT
MCWoodsOfficial,MCWoodsOfficial,ROOT
DragDollCo,DragDollCo,ROOT
alienfagx,alienfagx,ROOT
dragoes_mae,dragoes_mae,ROOT
_princekeyo,_princekeyo,ROOT
CadyCasellas,CadyCasellas,ROOT
BluLeo__,BluLeo__,ROOT
calamitouscliff,calamitouscliff,ROOT
YiamAddison,YiamAddison,ROOT
BostonBud,BostonBud,ROOT
nunasalem,nunasalem,ROOT
DragDollCo,DragDollCo,ROOT
Ocalui,Ocalui,ROOT
StegSpaceRock,StegSpaceRock,ROOT
KaseyMcKay12,KaseyMcKay12,ROOT
CeliaMacdonald_,CeliaMacdonald_,ROOT
taci_cf,taci_cf,ROOT
Jesse_bslade,Jesse_bslade,ROOT
Sanford_No_Son,Sanford_No_Son,ROOT
itsemioc,itsemioc,ROOT
ohmyalxxx,ohmyalxxx,ROOT
aaire__lav,aaire__lav,ROOT
curiousclowder,curiousclowder,ROOT
granitechai,granitechai,ROOT
LoniLove,LoniLove,ROOT
Dre_Jaxxx,Dre_Jaxxx,ROOT
LazlowTheHater,LazlowTheHater,ROOT
ettuives,ettuives,ROOT
BJonesWHO,BJonesWHO,ROOT
dragoes_mae,dragoes_mae,ROOT
_baliwho,_baliwho,ROOT
itsgonzalodcs_,itsgonzalodcs_,ROOT
Biscuitman13,Biscuitman13,ROOT
MAX23104,MAX23104,ROOT
JudsonK17,JudsonK17,ROOT
RuPawl_Official,RuPawl_Official,ROOT
wiz_thcreator,wiz_thcreator,ROOT
wiz_thcreator,wiz_thcreator,ROOT
chuuubbycheeks,chuuubbycheeks,ROOT
thomaswikjr2,thomaswikjr2,ROOT
rowdymuse,rowdymuse,ROOT
rowdymuse,rowdymuse,ROOT
SAPPHICZAM0,SAPPHICZAM0,ROOT
Cha0ticJames,Cha0ticJames,ROOT
CrayCoocoo,CrayCoocoo,ROOT
manolo_ordonez2,manolo_ordonez2,ROOT
hyltmethyd,hyltmethyd,ROOT
YellowLorca,YellowLorca,ROOT
33819TE,33819TE,ROOT
thomaswikjr2,thomaswikjr2,ROOT
ashketchhim,ashketchhim,ROOT
Rainbowbeanie,Rainbowbeanie,ROOT
iamvinitms,iamvinitms,ROOT
UticaMuchKook,UticaMuchKook,ROOT
manniequinn1,manniequinn1,ROOT
LuisMaHerliaz,LuisMaHerliaz,ROOT
mattdamonloki,mattdamonloki,ROOT
DragDollCo,DragDollCo,ROOT
JudsonK17,JudsonK17,ROOT
JudsonK17,JudsonK17,ROOT
txnxrjx,txnxrjx,ROOT
EntertainDer,EntertainDer,ROOT
fkingnuns,fkingnuns,ROOT
KitsuneRae3,KitsuneRae3,ROOT
LuisMaHerliaz,LuisMaHerliaz,ROOT
zai_zey,zai_zey,ROOT
lanasfilmbitch,lanasfilmbitch,ROOT
WhitleyMarionGW,WhitleyMarionGW,ROOT
CaraMoytoy,CaraMoytoy,ROOT
youraveragedee,youraveragedee,ROOT
aleisterjack,aleisterjack,ROOT
ChassieTucker,ChassieTucker,ROOT
dragndemocracy,dragndemocracy,ROOT
DragDollCo,DragDollCo,ROOT
titussottertwin,titussottertwin,ROOT
JandyMuse,JandyMuse,ROOT
raregetaway,raregetaway,ROOT
rowdymuse,rowdymuse,ROOT
rowdymuse,rowdymuse,ROOT
dkenksm,dkenksm,ROOT
DABABYKUPID,DABABYKUPID,ROOT
feels4swift,feels4swift,ROOT
beststillbest,beststillbest,ROOT
StegSpaceRock,StegSpaceRock,ROOT
_ImBluntSmokeMe,_ImBluntSmokeMe,ROOT
OhMyJord,OhMyJord,ROOT
the1NonlyTXmess,the1NonlyTXmess,ROOT
MyNameIsPearl3,MyNameIsPearl3,ROOT
VividEgoistz,VividEgoistz,ROOT
MookSaidWHAT,MookSaidWHAT,ROOT
dishbits_,dishbits_,ROOT
EdwardsElektra,EdwardsElektra,ROOT
thatgaymatt,thatgaymatt,ROOT
pAYOdriver,pAYOdriver,ROOT
wiz_thcreator,wiz_thcreator,ROOT
twinklelemongum,twinklelemongum,ROOT
ama_slpe,ama_slpe,ROOT
Mamoon_Hameed,Mamoon_Hameed,ROOT
suchscockova,suchscockova,ROOT
MySergiolzamora,MySergiolzamora,ROOT
rusaus,rusaus,ROOT
EduardoDiCastr0,EduardoDiCastr0,ROOT
Beelzehubby,Beelzehubby,ROOT
suchscockova,suchscockova,ROOT
wiz_thcreator,wiz_thcreator,ROOT
twinklelemongum,twinklelemongum,ROOT
ama_slpe,ama_slpe,ROOT
Mamoon_Hameed,Mamoon_Hameed,ROOT
suchscockova,suchscockova,ROOT
MySergiolzamora,MySergiolzamora,ROOT
rusaus,rusaus,ROOT
EduardoDiCastr0,EduardoDiCastr0,ROOT
Beelzehubby,Beelzehubby,ROOT
suchscockova,suchscockova,ROOT
QuansFntsyWrld,QuansFntsyWrld,ROOT
